{
  "baseline": "config2",
  "comparisons": {
    "config1": {
      "json": "dummy/realistic20s_30k_20k/compare_1d/compare_config1.json",
      "report": "dummy/realistic20s_30k_20k/compare_1d/compare_config1.md",
      "plot_prefix": "config1_",
      "folds": {
        "loop_mean": 0.9331074471818773,
        "cohesin_at_ctcf_anchor_sum": 0.8696671199073366,
        "cohesin_at_gene_bodies_sum": 4.116156042915918,
        "corner_pct": 0.6656346749226006,
        "stripe_pct": 0.8731781233415364,
        "boundary_crossing_mean": 0.9590514243956482,
        "boundary_crossing_stripe_share": 0.9884284413993489
      },
      "top_line": {
        "loop_mean": 0.9331074471818773,
        "cohesin_at_ctcf_anchor_sum": 0.8696671199073366,
        "cohesin_at_gene_bodies_sum": 4.116156042915918,
        "corner_pct": 0.6656346749226006,
        "global_anchored_stripe_pct": 0.8731781233415364,
        "boundary_crossing_mean": 0.9590514243956482,
        "boundary_crossing_stripe_share": 0.9884284413993489,
        "tad_strength_obs_baseline": null,
        "tad_strength_obs_comparison": null,
        "tad_strength_obs": null,
        "tad_strength_oe_baseline": null,
        "tad_strength_oe_comparison": null,
        "tad_strength_oe": null,
        "tad_pileup_oe_crossing_stripe_contrast_delta": null,
        "fountain_oe_score": null,
        "fountain_oe_symmetry": null
      }
    },
    "config3": {
      "json": "dummy/realistic20s_30k_20k/compare_1d/compare_config3.json",
      "report": "dummy/realistic20s_30k_20k/compare_1d/compare_config3.md",
      "plot_prefix": "config3_",
      "folds": {
        "loop_mean": 1.0626329933696128,
        "cohesin_at_ctcf_anchor_sum": 1.5252334189454593,
        "cohesin_at_gene_bodies_sum": 0.9525754889250632,
        "corner_pct": 2.29042629197428,
        "stripe_pct": 1.51206593077842,
        "boundary_crossing_mean": 0.8401588816991381,
        "boundary_crossing_stripe_share": 0.9154939345120495
      },
      "top_line": {
        "loop_mean": 1.0626329933696128,
        "cohesin_at_ctcf_anchor_sum": 1.5252334189454593,
        "cohesin_at_gene_bodies_sum": 0.9525754889250632,
        "corner_pct": 2.29042629197428,
        "global_anchored_stripe_pct": 1.51206593077842,
        "boundary_crossing_mean": 0.8401588816991381,
        "boundary_crossing_stripe_share": 0.9154939345120495,
        "tad_strength_obs_baseline": null,
        "tad_strength_obs_comparison": null,
        "tad_strength_obs": null,
        "tad_strength_oe_baseline": null,
        "tad_strength_oe_comparison": null,
        "tad_strength_oe": null,
        "tad_pileup_oe_crossing_stripe_contrast_delta": null,
        "fountain_oe_score": null,
        "fountain_oe_symmetry": null
      }
    }
  }
}